{
    "explosion": {
      "Frequency": {
        "Start": 55.41622352552626,
        "Slide": 0.10912063135204617,
        "RepeatSpeed": 0.36130796436297047,
        "ChangeSpeed": 0.6031621552767135,
        "ChangeAmount": 4.746930622451817,
        "Max": 1709
      },
      "Generator": { "Func": "noise", "ASlide": -0.05 },
      "Phaser": { "Offset": 0.005811996836992628, "Sweep": -0.13784104949592105 },
      "Volume": {
        "Sustain": 0.22655292477178354,
        "Decay": 0.46343252664617307,
        "Punch": 0.22078329726871765
      }
    },
    "select": {
      "Frequency": { "Start": 784.7367028735745 },
      "Generator": { "Func": "saw", "A": 0.07827688873915707 },
      "Filter": { "HP": 0.2 },
      "Volume": { "Sustain": 0.1682156244658468, "Decay": 0.18422624155722042 }
    },
    "powerup": {
      "Frequency": {
        "Start": 634.7471391924857,
        "Slide": 0.5449189162623129,
        "RepeatSpeed": 0.77806306974297
      },
      "Generator": { "A": 0.004077133884964379 },
      "Volume": { "Sustain": 0.38256858395526977, "Decay": 0.2448891329749671 }
    }
  }